Frequency (Hz),Re( S11 ),Im( S11 )
250000000,0.00431868061,-0.00369637646
