Frequency (Hz),Re( S21 ),Im( S21 )
250000000,0.340055674,0.672178328
