Frequency (Hz),Re( S21 ),Im( S21 )
250000000,0.342557997,0.674053907
