Frequency (Hz),Re( S11 ),Im( S11 )
250000000,0.00342965103,-0.00995949563
