Frequency (Hz),Re( S11 ),Im( S11 )
100000000,0.0032049017,-0.00316754659
