Frequency (Hz),Re( S11 ),Im( S11 )
500000000,-0.00992770493,-0.00753623946
