Frequency (Hz),Re( S21 ),Im( S21 )
500000000,0.329658359,0.442181677
