Frequency (Hz),Re( S21 ),Im( S21 )
100000000,0.822026908,-0.265064299
