Frequency (Hz),Re( S11 ),Im( S11 )
100000000,0.00838500541,0.00174403749
