Frequency (Hz),Re( S21 ),Im( S21 )
250000000,0.179739356,0.536061227
