Frequency (Hz),Re( S11 ),Im( S11 )
250000000,0.00425279699,-0.00543513056
