Frequency (Hz),Re( S11 ),Im( S11 )
250000000,-0.00215157471,0.00252880016
