Frequency (Hz),Re( S21 ),Im( S21 )
500000000,-0.321707159,0.711250007
