Frequency (Hz),Re( S11 ),Im( S11 )
500000000,0.00209409627,-0.00604324276
