Frequency (Hz),Re( S11 ),Im( S11 )
500000000,0.00160556717,-0.0114952382
