Frequency (Hz),Re( S21 ),Im( S21 )
250000000,0.151225984,0.595377088
