Frequency (Hz),Re( S11 ),Im( S11 )
250000000,0.00212676683,-0.000398821285
