Frequency (Hz),Re( S11 ),Im( S11 )
500000000,0.00814839546,-0.00510035548
