Frequency (Hz),Re( S21 ),Im( S21 )
500000000,0.573652923,0.800503731
