Frequency (Hz),Re( S21 ),Im( S21 )
250000000,-0.0548036434,0.681150675
