Frequency (Hz),Re( S11 ),Im( S11 )
250000000,0.00614063255,-0.00240740553
