Frequency (Hz),Re( S21 ),Im( S21 )
500000000,-0.23625648,0.917342603
