Frequency (Hz),Re( S11 ),Im( S11 )
500000000,0.000695104362,-0.00591781363
