Frequency (Hz),Re( S21 ),Im( S21 )
100000000,-0.293269873,0.93877393
