Frequency (Hz),Re( S21 ),Im( S21 )
500000000,0.45031324,-0.866662323
