Frequency (Hz),Re( S21 ),Im( S21 )
250000000,0.668399274,0.107310474
