Frequency (Hz),Re( S11 ),Im( S11 )
250000000,0.00794835482,-0.0061485488
