Frequency (Hz),Re( S11 ),Im( S11 )
250000000,0.00356372935,-0.0037369479
