Frequency (Hz),Re( S21 ),Im( S21 )
250000000,0.362215281,-0.679908454
