Frequency (Hz),Re( S21 ),Im( S21 )
250000000,-0.533075035,-0.484493166
