Frequency (Hz),Re( S11 ),Im( S11 )
250000000,0.00189287937,-0.000537228421
