Frequency (Hz),Re( S21 ),Im( S21 )
250000000,0.589883447,0.605003059
