Frequency (Hz),Re( S11 ),Im( S11 )
250000000,0.0141730309,-0.00436837692
