Frequency (Hz),Re( S11 ),Im( S11 )
250000000,0.00393900275,-0.00141366629
