Frequency (Hz),Re( S21 ),Im( S21 )
250000000,-0.659164786,0.14020656
