Frequency (Hz),Re( S11 ),Im( S11 )
500000000,0.00496212859,-0.00595461577
