Frequency (Hz),Re( S21 ),Im( S21 )
500000000,0.528904676,0.640284479
