Frequency (Hz),Re( S21 ),Im( S21 )
500000000,-0.0611364432,-0.0339301229
