Frequency (Hz),Re( S11 ),Im( S11 )
500000000,-0.00243030209,0.00916111749
