Frequency (Hz),Re( S11 ),Im( S11 )
250000000,0.00778128812,-0.00715043861
