Frequency (Hz),Re( S21 ),Im( S21 )
250000000,-0.513704836,-0.56251061
