Frequency (Hz),Re( S21 ),Im( S21 )
500000000,-0.0736475363,-0.00370945409
