Frequency (Hz),Re( S11 ),Im( S11 )
500000000,0.00787648745,0.00874091778
