Frequency (Hz),Re( S21 ),Im( S21 )
100000000,-0.466907114,0.793171227
