Frequency (Hz),Re( S11 ),Im( S11 )
100000000,-0.00111956825,-0.00399590004
