Frequency (Hz),Re( S21 ),Im( S21 )
500000000,0.0877605453,0.827210546
