Frequency (Hz),Re( S11 ),Im( S11 )
500000000,0.00458788825,-0.0014563835
