Frequency (Hz),Re( S21 ),Im( S21 )
100000000,0.218057796,-0.919632673
