Frequency (Hz),Re( S11 ),Im( S11 )
100000000,-0.00023181297,-0.00495548407
