Frequency (Hz),Re( S21 ),Im( S21 )
250000000,-0.489581257,0.348902822
