Frequency (Hz),Re( S11 ),Im( S11 )
250000000,-0.000380719721,-0.010063068
