Frequency (Hz),Re( S21 ),Im( S21 )
500000000,0.302457422,0.830136716
