Frequency (Hz),Re( S11 ),Im( S11 )
500000000,-0.0021544816,-0.0136089595
