Frequency (Hz),Re( S11 ),Im( S11 )
100000000,-0.0030872249,-0.000847061514
