Frequency (Hz),Re( S21 ),Im( S21 )
100000000,0.706902981,-0.681551218
