Frequency (Hz),Re( S11 ),Im( S11 )
100000000,-0.00861572754,0.00383934099
