Frequency (Hz),Re( S21 ),Im( S21 )
100000000,0.555833042,0.755426288
