Frequency (Hz),Re( S21 ),Im( S21 )
250000000,-0.903831959,0.125867382
