Frequency (Hz),Re( S11 ),Im( S11 )
250000000,0.000761058996,-0.00478106644
