Frequency (Hz),Re( S11 ),Im( S11 )
250000000,0.000523105497,0.0012442288
