Frequency (Hz),Re( S11 ),Im( S11 )
100000000,-0.00133974652,-0.00235075946
