Frequency (Hz),Re( S21 ),Im( S21 )
100000000,-0.949465752,0.247180089
