Frequency (Hz),Re( S11 ),Im( S11 )
250000000,-0.00231280155,-0.00337528554
