Frequency (Hz),Re( S11 ),Im( S11 )
100000000,0.00189784856,-0.00290381815
