Frequency (Hz),Re( S21 ),Im( S21 )
100000000,-0.514759481,-0.781046689
