Frequency (Hz),Re( S11 ),Im( S11 )
250000000,0.0064805639,-0.013045175
