Frequency (Hz),Re( S21 ),Im( S21 )
250000000,0.344000816,0.616577625
