Frequency (Hz),Re( S21 ),Im( S21 )
250000000,0.54354465,-0.125502691
