Frequency (Hz),Re( S11 ),Im( S11 )
250000000,0.00479451939,-0.00835219491
