Frequency (Hz),Re( S11 ),Im( S11 )
250000000,0.00441320008,-0.00399381528
