Frequency (Hz),Re( S21 ),Im( S21 )
250000000,-0.53407073,-0.516996622
