Frequency (Hz),Re( S11 ),Im( S11 )
100000000,-0.00101594394,-0.00352805736
