Frequency (Hz),Re( S21 ),Im( S21 )
100000000,-0.338819355,0.878984749
