Frequency (Hz),Re( S21 ),Im( S21 )
250000000,0.539128482,-0.51320523
