Frequency (Hz),Re( S11 ),Im( S11 )
250000000,0.00283096125,-0.00237689586
