Frequency (Hz),Re( S21 ),Im( S21 )
250000000,0.888417602,0.177279621
