Frequency (Hz),Re( S11 ),Im( S11 )
500000000,0.00564985489,-0.00304646138
