Frequency (Hz),Re( S21 ),Im( S21 )
500000000,0.307456523,0.914145231
