Frequency (Hz),Re( S21 ),Im( S21 )
250000000,0.170221448,-0.426923335
