Frequency (Hz),Re( S11 ),Im( S11 )
250000000,0.00884627178,0.00190126372
