Frequency (Hz),Re( S11 ),Im( S11 )
500000000,-0.00268335221,-0.00538567407
