Frequency (Hz),Re( S21 ),Im( S21 )
500000000,-0.155820325,0.786959231
