Frequency (Hz),Re( S11 ),Im( S11 )
250000000,0.000410733192,0.000553067366
