Frequency (Hz),Re( S21 ),Im( S21 )
500000000,0.265924245,0.789720416
