Frequency (Hz),Re( S11 ),Im( S11 )
500000000,0.00349844783,-0.00328313187
