Frequency (Hz),Re( S21 ),Im( S21 )
100000000,-0.296239972,0.917984724
