Frequency (Hz),Re( S11 ),Im( S11 )
250000000,0.00376627082,0.00509304181
