Frequency (Hz),Re( S11 ),Im( S11 )
100000000,0.0021562702,0.000677765289
