Frequency (Hz),Re( S21 ),Im( S21 )
250000000,0.118260533,0.851192296
