Frequency (Hz),Re( S21 ),Im( S21 )
250000000,0.634914577,0.0661551654
