Frequency (Hz),Re( S11 ),Im( S11 )
250000000,0.0025245666,-0.0170452222
