Frequency (Hz),Re( S21 ),Im( S21 )
250000000,0.618245423,0.09106078
