Frequency (Hz),Re( S21 ),Im( S21 )
250000000,0.466272682,0.200307429
