Frequency (Hz),Re( S11 ),Im( S11 )
250000000,-0.00235252734,-0.0159337372
