Frequency (Hz),Re( S21 ),Im( S21 )
100000000,-0.770690262,0.590079665
