Frequency (Hz),Re( S11 ),Im( S11 )
100000000,-0.00441766204,-0.000886057736
