Frequency (Hz),Re( S11 ),Im( S11 )
500000000,0.000507180754,-0.00260791299
