Frequency (Hz),Re( S21 ),Im( S21 )
500000000,0.147074685,0.741549015
