Frequency (Hz),Re( S11 ),Im( S11 )
500000000,-0.00323058036,-0.00701806089
