Frequency (Hz),Re( S21 ),Im( S21 )
500000000,-0.309930772,0.507997036
