Frequency (Hz),Re( S21 ),Im( S21 )
100000000,0.82305789,0.251184523
