Frequency (Hz),Re( S11 ),Im( S11 )
100000000,-0.00262817182,-0.00402460154
