Frequency (Hz),Re( S11 ),Im( S11 )
100000000,-7.70267889e-06,-0.0057369913
