Frequency (Hz),Re( S11 ),Im( S11 )
250000000,0.00727065187,-0.00592582906
