Frequency (Hz),Re( S21 ),Im( S21 )
250000000,-0.379873514,-0.775697231
