Frequency (Hz),Re( S21 ),Im( S21 )
100000000,0.711649418,-0.655846
