Frequency (Hz),Re( S21 ),Im( S21 )
250000000,-0.339522541,-0.554653406
