Frequency (Hz),Re( S11 ),Im( S11 )
250000000,0.00748725655,-0.00571813993
