Frequency (Hz),Re( S21 ),Im( S21 )
500000000,0.864880204,-0.439376891
