Frequency (Hz),Re( S11 ),Im( S11 )
500000000,-0.000431199325,-0.000640501326
