Frequency (Hz),Re( S11 ),Im( S11 )
500000000,0.00785944611,-0.00606670696
