Frequency (Hz),Re( S21 ),Im( S21 )
500000000,0.628323495,0.758348286
