Frequency (Hz),Re( S11 ),Im( S11 )
250000000,-0.0220979936,0.00226321979
