Frequency (Hz),Re( S21 ),Im( S21 )
250000000,-0.461683005,0.248170137
