Frequency (Hz),Re( S11 ),Im( S11 )
250000000,-0.00099381851,0.00242654677
