Frequency (Hz),Re( S21 ),Im( S21 )
250000000,0.188719347,-0.468611836
