Frequency (Hz),Re( S21 ),Im( S21 )
500000000,-0.414061666,0.639248312
