Frequency (Hz),Re( S11 ),Im( S11 )
500000000,0.00299234432,-0.0056026997
