Frequency (Hz),Re( S21 ),Im( S21 )
500000000,0.687505126,0.579606473
