Frequency (Hz),Re( S11 ),Im( S11 )
500000000,0.00411506835,-0.00779730175
