Frequency (Hz),Re( S21 ),Im( S21 )
250000000,-0.543535233,-0.539012015
