Frequency (Hz),Re( S11 ),Im( S11 )
250000000,0.00480108429,-0.00384594547
