Frequency (Hz),Re( S11 ),Im( S11 )
100000000,0.00648251595,0.00602115411
