Frequency (Hz),Re( S21 ),Im( S21 )
100000000,-0.648988008,-0.676517844
