Frequency (Hz),Re( S21 ),Im( S21 )
250000000,0.788490832,-0.374869287
