Frequency (Hz),Re( S11 ),Im( S11 )
250000000,-0.00747145992,-0.00198491733
