Frequency (Hz),Re( S11 ),Im( S11 )
100000000,0.00294952723,0.00128214364
