Frequency (Hz),Re( S21 ),Im( S21 )
100000000,-0.869541466,0.400016338
