Frequency (Hz),Re( S21 ),Im( S21 )
500000000,-0.226794198,0.594165564
