Frequency (Hz),Re( S11 ),Im( S11 )
500000000,-0.00169995055,-6.18736158e-05
