Frequency (Hz),Re( S21 ),Im( S21 )
500000000,0.906457067,-0.0731181279
