Frequency (Hz),Re( S11 ),Im( S11 )
500000000,0.00586641859,-0.0120179635
