Frequency (Hz),Re( S11 ),Im( S11 )
250000000,0.00363734318,-0.00722719403
