Frequency (Hz),Re( S11 ),Im( S11 )
100000000,0.00905962195,-0.00862893369
