Frequency (Hz),Re( S21 ),Im( S21 )
100000000,0.954255581,0.0748803988
