Frequency (Hz),Re( S21 ),Im( S21 )
250000000,0.103016973,0.797397137
