Frequency (Hz),Re( S11 ),Im( S11 )
250000000,-0.00106446887,0.00199940335
