Frequency (Hz),Re( S11 ),Im( S11 )
250000000,-0.00369631988,-0.00705997972
