Frequency (Hz),Re( S11 ),Im( S11 )
250000000,0.00134718034,0.000750149717
