Frequency (Hz),Re( S21 ),Im( S21 )
250000000,-0.397687793,-0.747636735
