Frequency (Hz),Re( S11 ),Im( S11 )
500000000,0.00527790003,-0.000924311753
