Frequency (Hz),Re( S21 ),Im( S21 )
500000000,0.238826051,0.935280442
