Frequency (Hz),Re( S21 ),Im( S21 )
250000000,-0.120061912,-0.738434672
