Frequency (Hz),Re( S11 ),Im( S11 )
250000000,0.00508065522,-0.000476294808
