Frequency (Hz),Re( S21 ),Im( S21 )
500000000,0.215432122,0.81981945
