Frequency (Hz),Re( S11 ),Im( S11 )
500000000,0.00332415989,-0.00373543845
