Frequency (Hz),Re( S11 ),Im( S11 )
250000000,-0.000713956309,-0.00850374065
