Frequency (Hz),Re( S21 ),Im( S21 )
250000000,0.492704183,0.195710406
