Frequency (Hz),Re( S21 ),Im( S21 )
250000000,-0.121506043,-0.708548665
