Frequency (Hz),Re( S11 ),Im( S11 )
250000000,0.000359655271,-0.00239424757
