Frequency (Hz),Re( S21 ),Im( S21 )
500000000,-0.0788511336,-0.0125622312
