Frequency (Hz),Re( S11 ),Im( S11 )
500000000,0.019486038,0.00413562031
