Frequency (Hz),Re( S11 ),Im( S11 )
500000000,-0.00445513148,-0.00121024635
