Frequency (Hz),Re( S21 ),Im( S21 )
500000000,0.660844266,0.661924422
