Frequency (Hz),Re( S11 ),Im( S11 )
100000000,-0.000738128321,0.000998471631
