Frequency (Hz),Re( S21 ),Im( S21 )
100000000,0.821944773,0.430568904
