Frequency (Hz),Re( S21 ),Im( S21 )
100000000,0.300133914,0.944372714
