Frequency (Hz),Re( S11 ),Im( S11 )
100000000,0.00396015961,-0.00322789233
