Frequency (Hz),Re( S11 ),Im( S11 )
100000000,0.00264415331,-0.00323871151
