Frequency (Hz),Re( S21 ),Im( S21 )
100000000,0.398869455,0.836895704
