Frequency (Hz),Re( S11 ),Im( S11 )
250000000,0.00359083456,-0.010278631
