Frequency (Hz),Re( S21 ),Im( S21 )
250000000,0.603355467,0.623378873
