Frequency (Hz),Re( S21 ),Im( S21 )
250000000,-0.502689719,0.327436447
