Frequency (Hz),Re( S11 ),Im( S11 )
250000000,0.000681901758,-0.00557924993
