Frequency (Hz),Re( S11 ),Im( S11 )
250000000,0.000743486919,-0.00870413333
