Frequency (Hz),Re( S11 ),Im( S11 )
250000000,0.0029463938,-0.0106529007
