Frequency (Hz),Re( S21 ),Im( S21 )
250000000,0.895823181,0.178067908
