Frequency (Hz),Re( S11 ),Im( S11 )
250000000,-0.00475881249,-0.0140104312
