Frequency (Hz),Re( S21 ),Im( S21 )
250000000,-0.689121425,0.310263813
