Frequency (Hz),Re( S11 ),Im( S11 )
500000000,0.0201331656,-0.010047867
