Frequency (Hz),Re( S21 ),Im( S21 )
500000000,-0.127422631,0.0411795415
