Frequency (Hz),Re( S11 ),Im( S11 )
500000000,-0.00453966344,-0.00457537174
