Frequency (Hz),Re( S21 ),Im( S21 )
500000000,-0.331712842,0.456349254
