Frequency (Hz),Re( S11 ),Im( S11 )
100000000,-0.00168843521,-0.00242481357
