Frequency (Hz),Re( S21 ),Im( S21 )
100000000,0.491969079,0.680217743
