Frequency (Hz),Re( S11 ),Im( S11 )
100000000,-0.00258860574,0.0038116714
