Frequency (Hz),Re( S21 ),Im( S21 )
100000000,-0.865916967,-0.191134408
