Frequency (Hz),Re( S11 ),Im( S11 )
250000000,0.000391542766,-0.000259989931
