Frequency (Hz),Re( S21 ),Im( S21 )
250000000,-0.144881889,-0.482211322
