Frequency (Hz),Re( S21 ),Im( S21 )
100000000,-0.715939343,-0.670931637
