Frequency (Hz),Re( S11 ),Im( S11 )
500000000,-0.000772823463,-0.0177856218
