Frequency (Hz),Re( S21 ),Im( S21 )
500000000,0.222042412,0.913278341
