Frequency (Hz),Re( S21 ),Im( S21 )
250000000,-0.503827274,0.305962503
