Frequency (Hz),Re( S11 ),Im( S11 )
250000000,-0.0035672232,-0.00931785908
