Frequency (Hz),Re( S11 ),Im( S11 )
250000000,0.000181304422,-0.00509232935
