Frequency (Hz),Re( S21 ),Im( S21 )
250000000,-0.189645931,0.494903654
