Frequency (Hz),Re( S11 ),Im( S11 )
250000000,-0.00057199056,-0.0162136126
