Frequency (Hz),Re( S21 ),Im( S21 )
500000000,-0.0415726565,0.944152057
