Frequency (Hz),Re( S11 ),Im( S11 )
500000000,0.00158041087,-0.00690800045
