Frequency (Hz),Re( S21 ),Im( S21 )
250000000,0.850194693,0.172159851
