Frequency (Hz),Re( S11 ),Im( S11 )
250000000,0.0077070971,-0.00821097847
