Frequency (Hz),Re( S11 ),Im( S11 )
500000000,-0.00350518129,-0.0039029147
