Frequency (Hz),Re( S21 ),Im( S21 )
500000000,-0.140569136,0.630930662
