Frequency (Hz),Re( S11 ),Im( S11 )
250000000,-0.00350271678,-0.00827425811
