Frequency (Hz),Re( S21 ),Im( S21 )
250000000,0.12390434,0.606648028
