Frequency (Hz),Re( S21 ),Im( S21 )
100000000,-0.533782423,-0.807561636
