Frequency (Hz),Re( S11 ),Im( S11 )
100000000,0.00408522738,-0.0069629522
