Frequency (Hz),Re( S11 ),Im( S11 )
500000000,0.00515542272,-0.0104369521
