Frequency (Hz),Re( S11 ),Im( S11 )
250000000,0.00185645977,-0.00681894645
