Frequency (Hz),Re( S21 ),Im( S21 )
250000000,0.153751284,-0.812391222
