Frequency (Hz),Re( S11 ),Im( S11 )
250000000,-0.00146397436,-0.00501097832
