Frequency (Hz),Re( S21 ),Im( S21 )
250000000,0.380569398,-0.420309544
