Frequency (Hz),Re( S11 ),Im( S11 )
250000000,-0.0018265032,-0.00825747196
