Frequency (Hz),Re( S21 ),Im( S21 )
100000000,-0.713223934,-0.6515131
