Frequency (Hz),Re( S11 ),Im( S11 )
100000000,0.00356839481,-0.00400027586
