Frequency (Hz),Re( S11 ),Im( S11 )
500000000,0.00174510141,-0.00867916457
