Frequency (Hz),Re( S21 ),Im( S21 )
500000000,-0.202521428,0.786778212
