Frequency (GHz),Re( S21 ),Im( S21 )
0.5,0.0427694432,0.843948901
