Frequency (GHz),Re( S11 ),Im( S11 )
0.5,0.00151529093,-0.00406384375
