Frequency (Hz),Re( S11 ),Im( S11 )
100000000,0.00515669025,-0.00448039733
