Frequency (Hz),Re( S21 ),Im( S21 )
100000000,-0.784830332,-0.542979002
