Frequency (Hz),Re( S11 ),Im( S11 )
250000000,0.00572741684,0.00251316349
