Frequency (Hz),Re( S21 ),Im( S21 )
100000000,0.0676719025,0.934774101
