Frequency (Hz),Re( S11 ),Im( S11 )
100000000,0.00392514281,-0.000314717472
