Frequency (Hz),Re( S11 ),Im( S11 )
250000000,-0.00108431524,-0.00273333536
