Frequency (Hz),Re( S11 ),Im( S11 )
500000000,0.00478385948,0.0014328399
