Frequency (Hz),Re( S21 ),Im( S21 )
500000000,0.264229655,0.725028336
