Frequency (Hz),Re( S11 ),Im( S11 )
250000000,-0.0118965507,0.00294809346
