Frequency (Hz),Re( S21 ),Im( S21 )
250000000,0.0805040002,-0.596078217
