Frequency (Hz),Re( S11 ),Im( S11 )
500000000,-0.0237057265,-0.00310286297
