Frequency (Hz),Re( S21 ),Im( S21 )
500000000,-0.0891167969,0.170797527
