Frequency (Hz),Re( S11 ),Im( S11 )
500000000,0.00618470367,-0.00632718718
