Frequency (Hz),Re( S21 ),Im( S21 )
500000000,0.549823642,0.72750771
