Frequency (Hz),Re( S11 ),Im( S11 )
250000000,-0.00173065159,-0.0128351012
