Frequency (Hz),Re( S21 ),Im( S21 )
250000000,0.372278124,-0.459615648
