Frequency (Hz),Re( S11 ),Im( S11 )
500000000,-0.0105976285,-0.00602146005
