Frequency (Hz),Re( S11 ),Im( S11 )
500000000,0.0175377596,-0.00600464037
