Frequency (Hz),Re( S21 ),Im( S21 )
500000000,-0.103103608,0.0663063899
