Frequency (Hz),Re( S21 ),Im( S21 )
250000000,0.679242909,0.316027194
