Frequency (Hz),Re( S11 ),Im( S11 )
250000000,0.00536767673,-0.0120838871
