Frequency (Hz),Re( S11 ),Im( S11 )
100000000,-0.00244038762,0.00291875633
