Frequency (Hz),Re( S21 ),Im( S21 )
100000000,0.899912179,-0.293851405
