Frequency (Hz),Re( S11 ),Im( S11 )
100000000,0.00315682171,-0.00244648429
