Frequency (Hz),Re( S21 ),Im( S21 )
100000000,-0.168734118,-0.945839465
