Frequency (Hz),Re( S21 ),Im( S21 )
500000000,0.247763559,-0.870182335
