Frequency (Hz),Re( S11 ),Im( S11 )
500000000,-0.00260544382,-0.00936583057
