Frequency (Hz),Re( S21 ),Im( S21 )
250000000,-0.299632728,0.387088358
