Frequency (Hz),Re( S11 ),Im( S11 )
250000000,-0.000539546716,0.000982632162
