Frequency (Hz),Re( S21 ),Im( S21 )
250000000,0.0582209639,-0.602466464
