Frequency (Hz),Re( S11 ),Im( S11 )
250000000,-0.00323327444,-0.00459214393
