Frequency (Hz),Re( S11 ),Im( S11 )
500000000,-0.0204153489,0.0160656553
