Frequency (Hz),Re( S21 ),Im( S21 )
500000000,-0.0714820027,0.0115276519
