Frequency (Hz),Re( S21 ),Im( S21 )
250000000,-0.603469729,-0.250616282
