Frequency (Hz),Re( S11 ),Im( S11 )
250000000,0.00707721291,-0.0104586212
