Frequency (Hz),Re( S21 ),Im( S21 )
250000000,-0.326650292,-0.565733731
