Frequency (Hz),Re( S11 ),Im( S11 )
250000000,-0.01589844,-0.00132983876
