Frequency (Hz),Re( S21 ),Im( S21 )
100000000,0.0239925534,-0.961452603
