Frequency (Hz),Re( S11 ),Im( S11 )
100000000,-0.00218307273,-0.00163597008
