Frequency (Hz),Re( S11 ),Im( S11 )
250000000,0.000158344468,0.00261237333
