Frequency (Hz),Re( S11 ),Im( S11 )
100000000,0.00735474238,-0.00746179139
