Frequency (Hz),Re( S21 ),Im( S21 )
100000000,-0.200039074,-0.956585824
