Frequency (Hz),Re( S11 ),Im( S11 )
500000000,0.00246557221,-0.00882011838
