Frequency (Hz),Re( S21 ),Im( S21 )
500000000,-0.0415955074,0.808819175
