Frequency (Hz),Re( S11 ),Im( S11 )
250000000,-0.000829030527,-0.00938177388
