Frequency (Hz),Re( S11 ),Im( S11 )
250000000,0.0032287077,-0.00377675588
