Frequency (Hz),Re( S21 ),Im( S21 )
500000000,-0.180667624,0.918921828
