Frequency (Hz),Re( S11 ),Im( S11 )
500000000,0.00201934297,-0.00765536679
