Frequency (Hz),Re( S11 ),Im( S11 )
250000000,0.00608184515,-0.0118666934
