Frequency (Hz),Re( S21 ),Im( S21 )
100000000,0.201269969,-0.974695385
