Frequency (Hz),Re( S11 ),Im( S11 )
100000000,0.000536834879,-0.000916545512
