Frequency (Hz),Re( S11 ),Im( S11 )
500000000,0.00307127507,-0.0045841462
