Frequency (Hz),Re( S21 ),Im( S21 )
500000000,0.235215247,0.423141122
