Frequency (Hz),Re( S11 ),Im( S11 )
100000000,0.00481363758,-0.00219543348
