Frequency (Hz),Re( S21 ),Im( S21 )
100000000,0.669250548,-0.543118298
