Frequency (Hz),Re( S11 ),Im( S11 )
250000000,0.00770552875,-0.00206564157
