Frequency (Hz),Re( S21 ),Im( S21 )
250000000,-0.483440787,0.515260637
