Frequency (Hz),Re( S21 ),Im( S21 )
250000000,0.704784036,0.314367115
