Frequency (Hz),Re( S21 ),Im( S21 )
250000000,-0.573502123,-0.263429672
