Frequency (Hz),Re( S11 ),Im( S11 )
250000000,0.00206487952,0.00654485263
