Frequency (Hz),Re( S11 ),Im( S11 )
500000000,0.00852699019,-0.00382974581
