Frequency (Hz),Re( S21 ),Im( S21 )
500000000,0.675804794,0.644669592
