Frequency (Hz),Re( S11 ),Im( S11 )
500000000,0.00757347327,-0.00695606088
