Frequency (Hz),Re( S21 ),Im( S21 )
100000000,-0.911855161,0.200368941
