Frequency (Hz),Re( S11 ),Im( S11 )
100000000,-0.00972802192,-0.00511508947
