Frequency (Hz),Re( S11 ),Im( S11 )
250000000,-0.00513131544,-0.0186363626
