Frequency (Hz),Re( S21 ),Im( S21 )
100000000,-0.583561361,-0.638872266
