Frequency (Hz),Re( S11 ),Im( S11 )
100000000,0.000128350963,-0.00161518739
