Frequency (Hz),Re( S21 ),Im( S21 )
250000000,0.56766355,-0.553634107
