Frequency (Hz),Re( S11 ),Im( S11 )
250000000,0.00255221059,-0.00594433676
