Frequency (Hz),Re( S21 ),Im( S21 )
100000000,0.936492264,-0.140893593
