Frequency (Hz),Re( S11 ),Im( S11 )
100000000,0.0038640846,0.00113512517
