Frequency (Hz),Re( S21 ),Im( S21 )
500000000,-0.103978857,0.960575879
