Frequency (Hz),Re( S11 ),Im( S11 )
500000000,0.00163361221,-0.00665032631
