Frequency (Hz),Re( S11 ),Im( S11 )
250000000,0.0199563913,0.00744722551
