Frequency (Hz),Re( S21 ),Im( S21 )
250000000,-0.325907946,-0.610706985
