Frequency (Hz),Re( S21 ),Im( S21 )
100000000,0.0821345076,0.966993093
