Frequency (Hz),Re( S11 ),Im( S11 )
100000000,0.00143150368,-0.00371092162
