Frequency (Hz),Re( S21 ),Im( S21 )
100000000,0.0106231645,-0.898332
