Frequency (Hz),Re( S11 ),Im( S11 )
100000000,0.00219450425,-0.00142330234
