Frequency (Hz),Re( S21 ),Im( S21 )
100000000,-0.882908762,-0.353735417
