Frequency (Hz),Re( S11 ),Im( S11 )
100000000,0.00141360657,-0.00208914117
