Frequency (Hz),Re( S11 ),Im( S11 )
100000000,-0.00012930778,0.00121609052
