Frequency (Hz),Re( S21 ),Im( S21 )
100000000,0.2057098,0.860221803
