Frequency (Hz),Re( S21 ),Im( S21 )
500000000,-0.172213599,0.610369623
