Frequency (Hz),Re( S11 ),Im( S11 )
500000000,0.00279181218,-0.00383382291
