Frequency (Hz),Re( S11 ),Im( S11 )
500000000,0.00851820596,0.00368801225
