Frequency (Hz),Re( S21 ),Im( S21 )
500000000,-0.0357563719,0.240628719
