Frequency (Hz),Re( S11 ),Im( S11 )
500000000,-0.00235975278,-0.00155254337
