Frequency (Hz),Re( S21 ),Im( S21 )
500000000,0.968975604,0.0942847058
