Frequency (Hz),Re( S11 ),Im( S11 )
250000000,0.00476114219,-0.00390914408
