Frequency (Hz),Re( S21 ),Im( S21 )
250000000,0.684602857,0.325400501
