Frequency (Hz),Re( S11 ),Im( S11 )
500000000,-0.00206813402,-0.0158316288
