Frequency (Hz),Re( S21 ),Im( S21 )
500000000,-0.867006242,0.165803343
