Frequency (Hz),Re( S21 ),Im( S21 )
500000000,-0.0639090315,0.211714312
