Frequency (Hz),Re( S11 ),Im( S11 )
500000000,0.000173700537,0.00366761722
