Frequency (Hz),Re( S21 ),Im( S21 )
100000000,0.951914489,0.247237623
