Frequency (Hz),Re( S11 ),Im( S11 )
100000000,-0.0043201996,-0.00132294232
