Frequency (Hz),Re( S11 ),Im( S11 )
250000000,0.0164730288,-0.00756875938
