Frequency (Hz),Re( S21 ),Im( S21 )
250000000,0.488856882,0.446826071
