Frequency (Hz),Re( S21 ),Im( S21 )
500000000,0.781645715,0.607741714
