Frequency (Hz),Re( S11 ),Im( S11 )
500000000,0.00707447063,-0.00976436492
