Frequency (Hz),Re( S21 ),Im( S21 )
500000000,0.383204758,0.89940995
