Frequency (Hz),Re( S11 ),Im( S11 )
500000000,0.00617761025,-0.00288791861
