Frequency (Hz),Re( S11 ),Im( S11 )
100000000,-0.00235369499,-0.00165342737
