Frequency (Hz),Re( S21 ),Im( S21 )
100000000,-0.493679643,0.83207655
