Frequency (Hz),Re( S11 ),Im( S11 )
100000000,0.00151483982,-0.0061385585
