Frequency (Hz),Re( S21 ),Im( S21 )
250000000,-0.581365347,0.108296968
