Frequency (Hz),Re( S11 ),Im( S11 )
250000000,0.00228990614,-0.00364730321
