Frequency (Hz),Re( S11 ),Im( S11 )
500000000,0.00296285166,-0.0121612353
