Frequency (Hz),Re( S21 ),Im( S21 )
250000000,0.607203126,-0.0703310743
