Frequency (Hz),Re( S11 ),Im( S11 )
250000000,-0.0105871102,-0.00308071356
