Frequency (Hz),Re( S21 ),Im( S21 )
250000000,-0.114189804,-0.714450479
