Frequency (Hz),Re( S11 ),Im( S11 )
250000000,-0.000346727815,-0.00326484628
