Frequency (Hz),Re( S21 ),Im( S21 )
500000000,-0.297304243,0.58541882
