Frequency (Hz),Re( S11 ),Im( S11 )
500000000,0.00293239742,-0.00722925505
