Frequency (Hz),Re( S11 ),Im( S11 )
100000000,0.00366120646,0.0028890653
