Frequency (Hz),Re( S21 ),Im( S21 )
100000000,0.203889862,-0.839224637
