Frequency (Hz),Re( S11 ),Im( S11 )
250000000,0.00756747974,-0.0118408957
