Frequency (Hz),Re( S11 ),Im( S11 )
500000000,0.00801282283,-0.00284596346
