Frequency (Hz),Re( S21 ),Im( S21 )
500000000,0.30136621,0.696622789
