Frequency (Hz),Re( S21 ),Im( S21 )
500000000,-0.276724875,0.749645412
