Frequency (Hz),Re( S11 ),Im( S11 )
500000000,0.000418603158,-0.00560510065
