Frequency (Hz),Re( S11 ),Im( S11 )
250000000,0.00360267819,-0.0160071608
