Frequency (Hz),Re( S11 ),Im( S11 )
500000000,0.00699862931,-0.00612990651
