Frequency (Hz),Re( S11 ),Im( S11 )
100000000,0.00402966281,-0.00642575976
