Frequency (Hz),Re( S21 ),Im( S21 )
100000000,0.720909536,0.620508373
