Frequency (Hz),Re( S11 ),Im( S11 )
250000000,-0.000927829242,-0.00456335535
