Frequency (Hz),Re( S21 ),Im( S21 )
250000000,0.0497366488,-0.61472708
