Frequency (Hz),Re( S11 ),Im( S11 )
250000000,0.00248712581,-0.0144810863
