Frequency (Hz),Re( S11 ),Im( S11 )
100000000,0.00498086214,-0.00326190679
