Frequency (Hz),Re( S21 ),Im( S21 )
100000000,0.378253371,-0.859679401
