Frequency (Hz),Re( S11 ),Im( S11 )
250000000,-0.00140222756,-0.0127763869
