Frequency (Hz),Re( S21 ),Im( S21 )
250000000,0.285364807,0.503979564
