Frequency (Hz),Re( S11 ),Im( S11 )
500000000,0.00667808624,-0.00395529857
