Frequency (Hz),Re( S21 ),Im( S21 )
500000000,0.44373697,0.791544855
