Frequency (Hz),Re( S11 ),Im( S11 )
250000000,-0.000590656477,-0.00709816488
