Frequency (Hz),Re( S21 ),Im( S21 )
250000000,-0.651801288,0.119541198
