Frequency (Hz),Re( S11 ),Im( S11 )
500000000,0.00820552744,-0.00563660637
