Frequency (Hz),Re( S21 ),Im( S21 )
500000000,-0.0649357587,-0.0142699983
