Frequency (Hz),Re( S21 ),Im( S21 )
250000000,0.546050251,-0.153870061
