Frequency (Hz),Re( S11 ),Im( S11 )
250000000,-0.00487669883,-0.0102543682
