Frequency (Hz),Re( S21 ),Im( S21 )
100000000,0.710177183,-0.611034155
