Frequency (Hz),Re( S11 ),Im( S11 )
100000000,-0.00825459976,0.00533123873
