Frequency (GHz),Re( S21 ),Im( S21 )
0.5,-0.054606773,0.653288066
