Frequency (GHz),Re( S11 ),Im( S11 )
0.5,0.0028399867,-0.00427796878
