Frequency (Hz),Re( S21 ),Im( S21 )
250000000,-0.612818956,-0.119613297
