Frequency (Hz),Re( S11 ),Im( S11 )
250000000,0.00264126924,-0.0126048792
