Frequency (Hz),Re( S21 ),Im( S21 )
250000000,-0.142821431,-0.501455069
