Frequency (Hz),Re( S11 ),Im( S11 )
250000000,0.00474986248,0.00900476333
