Frequency (Hz),Re( S11 ),Im( S11 )
250000000,-0.00502873212,-0.0087080067
