Frequency (Hz),Re( S21 ),Im( S21 )
250000000,-0.499008656,0.522908628
