Frequency (Hz),Re( S11 ),Im( S11 )
250000000,-0.00312404474,0.00560870301
