Frequency (Hz),Re( S21 ),Im( S21 )
500000000,-0.754096091,-0.52203232
