Frequency (Hz),Re( S11 ),Im( S11 )
500000000,0.00303403637,-0.0130152358
