Frequency (Hz),Re( S11 ),Im( S11 )
100000000,-0.000272839679,-0.00752520468
