Frequency (Hz),Re( S21 ),Im( S21 )
100000000,-0.304991305,0.801082671
