Frequency (Hz),Re( S21 ),Im( S21 )
100000000,0.936123848,0.248977646
