Frequency (Hz),Re( S11 ),Im( S11 )
100000000,0.00295788958,-0.00212666369
