Frequency (Hz),Re( S21 ),Im( S21 )
250000000,-0.779076278,-0.420990765
