Frequency (Hz),Re( S11 ),Im( S11 )
250000000,0.00882226601,-0.00508766109
