Frequency (Hz),Re( S11 ),Im( S11 )
250000000,0.00410525221,0.00405053142
