Frequency (Hz),Re( S21 ),Im( S21 )
250000000,-0.0832341239,0.697567582
