Frequency (Hz),Re( S21 ),Im( S21 )
100000000,0.960563242,-0.139810041
