Frequency (Hz),Re( S21 ),Im( S21 )
250000000,-0.374292791,0.726482868
