Frequency (Hz),Re( S11 ),Im( S11 )
100000000,0.00149179052,-0.00417833822
