Frequency (Hz),Re( S21 ),Im( S21 )
100000000,0.608940899,0.729126036
