Frequency (Hz),Re( S11 ),Im( S11 )
250000000,0.00479337759,-0.000681702397
