Frequency (Hz),Re( S21 ),Im( S21 )
250000000,0.170950264,-0.487128645
