Frequency (Hz),Re( S11 ),Im( S11 )
250000000,0.00411258452,-0.00692099426
