Frequency (Hz),Re( S21 ),Im( S21 )
250000000,-0.134973064,-0.731444836
