Frequency (Hz),Re( S11 ),Im( S11 )
100000000,-0.00119870377,-0.00239519542
