Frequency (Hz),Re( S21 ),Im( S21 )
100000000,0.1993514,-0.963755131
