Frequency (Hz),Re( S21 ),Im( S21 )
100000000,-0.908487618,-0.337297618
