Frequency (Hz),Re( S11 ),Im( S11 )
100000000,0.00119986723,0.00270902482
