Frequency (Hz),Re( S21 ),Im( S21 )
500000000,-0.355384886,-0.769628465
