Frequency (Hz),Re( S11 ),Im( S11 )
100000000,0.000190584149,0.00126881106
