Frequency (Hz),Re( S21 ),Im( S21 )
100000000,0.243047044,0.91262269
