Frequency (Hz),Re( S11 ),Im( S11 )
250000000,-0.0111087812,0.00471628597
