Frequency (Hz),Re( S21 ),Im( S21 )
500000000,-0.273226589,-0.842512369
