Frequency (Hz),Re( S11 ),Im( S11 )
500000000,0.00587617932,-0.00275864312
