Frequency (Hz),Re( S11 ),Im( S11 )
250000000,-0.0132703101,-0.00588625856
