Frequency (Hz),Re( S21 ),Im( S21 )
250000000,-0.772274494,-0.420376658
