Frequency (Hz),Re( S11 ),Im( S11 )
250000000,0.00427745609,-0.00772590097
