Frequency (Hz),Re( S11 ),Im( S11 )
500000000,0.000631511153,-0.00694313226
