Frequency (Hz),Re( S21 ),Im( S21 )
500000000,-0.439185619,0.846200466
