Frequency (Hz),Re( S11 ),Im( S11 )
500000000,0.00119925034,-0.00662590563
