Frequency (Hz),Re( S21 ),Im( S21 )
500000000,0.042892132,0.961387217
