Frequency (Hz),Re( S21 ),Im( S21 )
250000000,-0.366395533,-0.754745603
