Frequency (Hz),Re( S11 ),Im( S11 )
250000000,0.00515443273,-0.000310441945
