Frequency (Hz),Re( S11 ),Im( S11 )
500000000,0.00316834054,-0.00191361853
