Frequency (Hz),Re( S21 ),Im( S21 )
100000000,0.548267484,-0.708344221
