Frequency (Hz),Re( S11 ),Im( S11 )
100000000,-0.000901079678,-0.00123315782
