Frequency (Hz),Re( S11 ),Im( S11 )
250000000,-0.000248036813,-0.0120576788
