Frequency (Hz),Re( S21 ),Im( S21 )
250000000,-0.322774947,-0.512178183
