Frequency (Hz),Re( S21 ),Im( S21 )
250000000,0.0168084763,-0.612145185
