Frequency (Hz),Re( S21 ),Im( S21 )
500000000,-0.303234428,0.898807049
