Frequency (Hz),Re( S11 ),Im( S11 )
500000000,-4.12409609e-05,-0.00719141727
