Frequency (Hz),Re( S11 ),Im( S11 )
250000000,0.00539527414,-0.00271380018
