Frequency (Hz),Re( S21 ),Im( S21 )
250000000,0.603793979,0.600008547
