Frequency (Hz),Re( S21 ),Im( S21 )
500000000,-0.680007458,0.608542085
