Frequency (Hz),Re( S21 ),Im( S21 )
100000000,0.626021743,0.750447869
