Frequency (Hz),Re( S11 ),Im( S11 )
100000000,0.00303252111,0.00220543845
