Frequency (Hz),Re( S21 ),Im( S21 )
250000000,-0.560399652,-0.0425547622
