Frequency (Hz),Re( S11 ),Im( S11 )
250000000,-0.000789687212,-0.00381746935
