Frequency (Hz),Re( S21 ),Im( S21 )
100000000,0.901526392,0.076236099
