Frequency (Hz),Re( S11 ),Im( S11 )
100000000,-0.000498297508,-0.00433635339
