Frequency (Hz),Re( S11 ),Im( S11 )
500000000,0.00279599545,-0.00738145132
