Frequency (GHz),Re( S21 ),Im( S21 )
0.5,0.106397711,0.954249442
