Frequency (GHz),Re( S11 ),Im( S11 )
0.5,0.000850047043,-9.51419061e-05
