Frequency (Hz),Re( S11 ),Im( S11 )
500000000,0.000688671775,-0.00348378485
