Frequency (Hz),Re( S21 ),Im( S21 )
500000000,0.151989996,0.833239377
