Frequency (Hz),Re( S11 ),Im( S11 )
250000000,0.00184132706,-0.00106346933
