Frequency (Hz),Re( S21 ),Im( S21 )
250000000,0.688171804,0.104300074
