Frequency (Hz),Re( S21 ),Im( S21 )
500000000,0.501255274,0.82792604
