Frequency (Hz),Re( S11 ),Im( S11 )
500000000,0.00654504588,-0.00496084057
