Frequency (Hz),Re( S11 ),Im( S11 )
500000000,0.00213890313,-0.00944899209
