Frequency (Hz),Re( S21 ),Im( S21 )
500000000,-0.0880562738,0.191241965
