Frequency (Hz),Re( S11 ),Im( S11 )
250000000,-0.0046292874,0.000875251659
