Frequency (Hz),Re( S21 ),Im( S21 )
250000000,0.389895827,-0.452151418
