Frequency (Hz),Re( S11 ),Im( S11 )
500000000,0.00194862217,-0.00628187135
