Frequency (Hz),Re( S21 ),Im( S21 )
500000000,0.598650634,0.610453486
