Frequency (Hz),Re( S11 ),Im( S11 )
500000000,0.00798028708,-0.00407771906
