Frequency (Hz),Re( S11 ),Im( S11 )
250000000,0.00787498802,-0.00972208753
