Frequency (Hz),Re( S21 ),Im( S21 )
250000000,-0.554981112,-0.272071064
