Frequency (Hz),Re( S11 ),Im( S11 )
100000000,0.00371062988,-0.00861882418
