Frequency (Hz),Re( S21 ),Im( S21 )
100000000,-0.63083154,0.699419439
