Frequency (Hz),Re( S11 ),Im( S11 )
100000000,0.00246444182,-0.00374878617
