Frequency (Hz),Re( S21 ),Im( S21 )
100000000,0.39854008,-0.891588271
