Frequency (Hz),Re( S21 ),Im( S21 )
500000000,-0.0750027522,0.86716193
