Frequency (Hz),Re( S21 ),Im( S21 )
100000000,-0.3460958,-0.886656523
