Frequency (Hz),Re( S11 ),Im( S11 )
100000000,-0.000477608439,-0.00115824619
