Frequency (Hz),Re( S21 ),Im( S21 )
250000000,-0.716353059,0.365035892
