Frequency (Hz),Re( S11 ),Im( S11 )
250000000,0.00290716533,-0.0086224582
