Frequency (Hz),Re( S21 ),Im( S21 )
100000000,-0.124118827,0.948850393
