Frequency (Hz),Re( S11 ),Im( S11 )
100000000,0.0017044897,-0.00827009045
