Frequency (Hz),Re( S11 ),Im( S11 )
100000000,-0.00945139211,0.00145459571
