Frequency (Hz),Re( S21 ),Im( S21 )
100000000,0.894492507,0.267738551
