Frequency (Hz),Re( S11 ),Im( S11 )
100000000,3.95466886e-05,0.00083851855
