Frequency (Hz),Re( S21 ),Im( S21 )
100000000,-0.9632532,0.028951712
