Frequency (Hz),Re( S21 ),Im( S21 )
100000000,0.430701166,0.857505679
