Frequency (Hz),Re( S11 ),Im( S11 )
100000000,0.000695784402,-0.00226346496
