Frequency (Hz),Re( S21 ),Im( S21 )
100000000,-0.859863341,0.141275331
