Frequency (Hz),Re( S21 ),Im( S21 )
100000000,-0.107969359,-0.843011141
