Frequency (Hz),Re( S11 ),Im( S11 )
100000000,-0.000686212326,-0.000480611576
