Frequency (Hz),Re( S21 ),Im( S21 )
500000000,0.033938013,0.27451247
