Frequency (Hz),Re( S11 ),Im( S11 )
500000000,-0.00172409567,-0.0112221297
