Frequency (Hz),Re( S21 ),Im( S21 )
250000000,-0.0511952043,0.587005973
