Frequency (Hz),Re( S11 ),Im( S11 )
250000000,0.0112534063,-0.00338098872
