Frequency (Hz),Re( S11 ),Im( S11 )
250000000,0.00532085402,-0.00908938423
