Frequency (Hz),Re( S21 ),Im( S21 )
250000000,-0.709073186,0.375002295
