Frequency (Hz),Re( S21 ),Im( S21 )
500000000,0.683544159,0.709093809
