Frequency (Hz),Re( S11 ),Im( S11 )
500000000,0.00741694914,-0.00681109075
