Frequency (Hz),Re( S21 ),Im( S21 )
500000000,0.617953658,0.685892403
