Frequency (Hz),Re( S11 ),Im( S11 )
500000000,0.00628004689,-0.00718538277
