Frequency (Hz),Re( S11 ),Im( S11 )
500000000,-0.00265726098,-0.00337955309
