Frequency (Hz),Re( S21 ),Im( S21 )
500000000,0.0437466539,0.361878753
