Frequency (Hz),Re( S11 ),Im( S11 )
250000000,0.00470110262,-0.00187607051
