Frequency (Hz),Re( S21 ),Im( S21 )
100000000,-0.933059216,-0.154335365
