Frequency (Hz),Re( S21 ),Im( S21 )
500000000,0.444790035,0.869569898
