Frequency (Hz),Re( S11 ),Im( S11 )
500000000,0.00692963554,-0.003990205
