Frequency (Hz),Re( S21 ),Im( S21 )
250000000,-0.900476992,0.117749177
