Frequency (Hz),Re( S21 ),Im( S21 )
250000000,0.848907471,-0.386647522
