Frequency (Hz),Re( S11 ),Im( S11 )
250000000,-0.00151279767,-0.00270177121
