Frequency (Hz),Re( S21 ),Im( S21 )
500000000,0.725444257,0.657549441
