Frequency (Hz),Re( S11 ),Im( S11 )
500000000,0.00787615869,-0.00881999265
