Frequency (Hz),Re( S21 ),Im( S21 )
500000000,0.514107347,0.692611456
