Frequency (Hz),Re( S11 ),Im( S11 )
500000000,0.00632226607,-0.00407841802
