Frequency (Hz),Re( S21 ),Im( S21 )
500000000,-0.123166487,0.1442184
