Frequency (Hz),Re( S11 ),Im( S11 )
500000000,0.0086072376,0.0150191663
