Frequency (Hz),Re( S11 ),Im( S11 )
250000000,0.00485570356,0.00300928415
