Frequency (Hz),Re( S21 ),Im( S21 )
250000000,0.11765115,0.846062839
