Frequency (Hz),Re( S21 ),Im( S21 )
500000000,-0.0919101387,0.668773234
