Frequency (Hz),Re( S11 ),Im( S11 )
500000000,0.0015549144,-0.0219727065
