Frequency (Hz),Re( S11 ),Im( S11 )
500000000,0.000260987872,-0.00735219149
