Frequency (Hz),Re( S21 ),Im( S21 )
500000000,-0.104940228,0.78756088
