Frequency (Hz),Re( S11 ),Im( S11 )
250000000,0.00523254368,-0.010873992
