Frequency (Hz),Re( S21 ),Im( S21 )
250000000,0.671445012,0.36368984
