Frequency (Hz),Re( S21 ),Im( S21 )
100000000,0.822704732,-0.496944457
