Frequency (Hz),Re( S11 ),Im( S11 )
100000000,-0.00410865759,0.000886472582
