Frequency (Hz),Re( S21 ),Im( S21 )
250000000,0.280429751,0.417252004
