Frequency (Hz),Re( S11 ),Im( S11 )
250000000,0.010014764,-0.00633179164
