Frequency (Hz),Re( S21 ),Im( S21 )
250000000,0.109379791,0.759404778
