Frequency (Hz),Re( S11 ),Im( S11 )
250000000,0.00046343077,-0.00738199847
