Frequency (Hz),Re( S11 ),Im( S11 )
250000000,0.00762997428,-0.000589922594
