Frequency (Hz),Re( S21 ),Im( S21 )
250000000,-0.630523145,0.129339665
