Frequency (Hz),Re( S11 ),Im( S11 )
500000000,-0.00322657381,-0.00959770475
