Frequency (Hz),Re( S21 ),Im( S21 )
250000000,-0.530601025,-0.0290422961
