Frequency (Hz),Re( S11 ),Im( S11 )
250000000,0.0103351576,-0.00712093106
