Frequency (Hz),Re( S21 ),Im( S21 )
100000000,0.674449861,0.578708649
