Frequency (Hz),Re( S11 ),Im( S11 )
100000000,-0.00177729689,-0.00597505551
