Frequency (Hz),Re( S11 ),Im( S11 )
250000000,-0.00039714991,-0.00558108697
