Frequency (Hz),Re( S11 ),Im( S11 )
500000000,-0.00112113706,0.000609557552
