Frequency (Hz),Re( S21 ),Im( S21 )
500000000,0.017439181,0.696788728
