Frequency (Hz),Re( S11 ),Im( S11 )
500000000,0.00703305192,-0.00437805103
