Frequency (Hz),Re( S21 ),Im( S21 )
500000000,0.1962495,0.713598192
