Frequency (Hz),Re( S21 ),Im( S21 )
100000000,0.569050789,-0.767397463
