Frequency (Hz),Re( S11 ),Im( S11 )
100000000,-0.00784577522,0.00145738735
