Frequency (Hz),Re( S11 ),Im( S11 )
500000000,-0.018427683,-0.0201550517
