Frequency (Hz),Re( S21 ),Im( S21 )
500000000,0.147543341,0.392185032
