Frequency (Hz),Re( S11 ),Im( S11 )
100000000,0.00196677493,0.00166176574
