Frequency (Hz),Re( S21 ),Im( S21 )
100000000,-0.824916005,0.369788736
