Frequency (Hz),Re( S21 ),Im( S21 )
500000000,0.081516549,0.358746111
