Frequency (Hz),Re( S11 ),Im( S11 )
500000000,0.00685033808,-0.00293745287
