Frequency (Hz),Re( S21 ),Im( S21 )
100000000,-0.614627719,0.618414521
