Frequency (Hz),Re( S11 ),Im( S11 )
100000000,-0.000848150579,-0.000619573286
