Frequency (Hz),Re( S21 ),Im( S21 )
250000000,-0.0230719913,0.547161818
