Frequency (Hz),Re( S11 ),Im( S11 )
250000000,0.00219979812,-0.000649743539
