Frequency (Hz),Re( S11 ),Im( S11 )
500000000,-0.00126558915,-0.00384019618
