Frequency (Hz),Re( S21 ),Im( S21 )
500000000,0.0687085688,0.708594859
