Frequency (Hz),Re( S11 ),Im( S11 )
100000000,0.00302075897,-0.00464004232
