Frequency (Hz),Re( S21 ),Im( S21 )
100000000,0.793078482,-0.467342407
