Frequency (Hz),Re( S11 ),Im( S11 )
250000000,0.0088160364,-0.00236708485
