Frequency (Hz),Re( S11 ),Im( S11 )
500000000,0.0049685305,-0.00038424338
