Frequency (Hz),Re( S21 ),Im( S21 )
500000000,0.17496784,0.949955106
