Frequency (Hz),Re( S21 ),Im( S21 )
100000000,-0.126293972,-0.926058531
