Frequency (Hz),Re( S11 ),Im( S11 )
250000000,-0.00109929231,-0.000760088617
