Frequency (Hz),Re( S11 ),Im( S11 )
250000000,0.00164877367,-0.0097706141
