Frequency (Hz),Re( S21 ),Im( S21 )
250000000,-0.393619597,-0.343954414
