Frequency (Hz),Re( S21 ),Im( S21 )
250000000,-0.580599666,-0.267059267
