Frequency (Hz),Re( S11 ),Im( S11 )
250000000,0.00573372934,-0.00993760675
