Frequency (Hz),Re( S11 ),Im( S11 )
250000000,-0.00872521196,-0.00815951359
