Frequency (Hz),Re( S21 ),Im( S21 )
250000000,0.503771961,-0.119880833
