Frequency (Hz),Re( S21 ),Im( S21 )
250000000,0.154343039,-0.820117533
