Frequency (Hz),Re( S11 ),Im( S11 )
250000000,-0.00247392152,-0.000979883131
