Frequency (Hz),Re( S11 ),Im( S11 )
500000000,0.00257132412,-0.0127427774
