Frequency (Hz),Re( S11 ),Im( S11 )
250000000,0.00236459519,-0.00335362763
