Frequency (Hz),Re( S21 ),Im( S21 )
250000000,0.780668736,-0.120981835
