Frequency (Hz),Re( S11 ),Im( S11 )
250000000,-0.00129664131,0.00624028826
