Frequency (Hz),Re( S21 ),Im( S21 )
250000000,0.3233594,-0.382796884
