Frequency (Hz),Re( S11 ),Im( S11 )
250000000,0.0103330426,0.000734347675
