Frequency (Hz),Re( S21 ),Im( S21 )
250000000,0.282810062,-0.633606613
