Frequency (Hz),Re( S21 ),Im( S21 )
250000000,-0.365346462,-0.772321522
