Frequency (Hz),Re( S11 ),Im( S11 )
500000000,0.00435102452,-0.00852748565
