Frequency (Hz),Re( S21 ),Im( S21 )
500000000,-0.375361711,0.439366937
