Frequency (Hz),Re( S11 ),Im( S11 )
100000000,0.00465696165,0.00202835375
