Frequency (Hz),Re( S21 ),Im( S21 )
100000000,-0.743002713,-0.486251891
