Frequency (Hz),Re( S11 ),Im( S11 )
250000000,0.00174218637,-0.00632861862
