Frequency (Hz),Re( S21 ),Im( S21 )
250000000,0.75966537,-0.155947015
