Frequency (Hz),Re( S11 ),Im( S11 )
500000000,-0.00358109921,-0.00383780873
