Frequency (Hz),Re( S21 ),Im( S21 )
500000000,-0.94584924,-0.0788185224
