Frequency (Hz),Re( S11 ),Im( S11 )
250000000,-0.000122905345,-0.00970034674
