Frequency (Hz),Re( S21 ),Im( S21 )
250000000,0.592591405,0.62407428
