Frequency (Hz),Re( S21 ),Im( S21 )
250000000,0.324714482,-0.647568047
