Frequency (Hz),Re( S11 ),Im( S11 )
250000000,0.00042063155,0.00207241136
