Frequency (Hz),Re( S11 ),Im( S11 )
500000000,0.00569031574,-0.0050519756
