Frequency (Hz),Re( S21 ),Im( S21 )
500000000,0.328342915,0.775501549
