Frequency (Hz),Re( S11 ),Im( S11 )
250000000,0.000906563306,-0.0146107348
