Frequency (Hz),Re( S21 ),Im( S21 )
250000000,-0.369941741,-0.358230412
