Frequency (Hz),Re( S11 ),Im( S11 )
250000000,0.0030003225,-0.00789584965
