Frequency (Hz),Re( S11 ),Im( S11 )
250000000,-0.00617329497,0.00190491427
