Frequency (Hz),Re( S11 ),Im( S11 )
500000000,0.00544023514,-0.0138299335
