Frequency (Hz),Re( S21 ),Im( S21 )
500000000,0.759425938,0.494634807
