Frequency (Hz),Re( S21 ),Im( S21 )
250000000,-0.0293887611,0.495272219
