Frequency (Hz),Re( S11 ),Im( S11 )
250000000,0.000113536837,-0.00763650797
