Frequency (Hz),Re( S21 ),Im( S21 )
250000000,-0.740646958,-0.108717248
