Frequency (Hz),Re( S11 ),Im( S11 )
250000000,0.00745846983,-0.00273038517
