Frequency (Hz),Re( S11 ),Im( S11 )
250000000,0.00975423213,-0.00829236396
