Frequency (Hz),Re( S21 ),Im( S21 )
250000000,-0.80345434,-0.115876839
