Frequency (Hz),Re( S21 ),Im( S21 )
250000000,0.586921632,-0.590151191
