Frequency (Hz),Re( S11 ),Im( S11 )
250000000,2.78995612e-05,-0.00262575038
