Frequency (Hz),Re( S21 ),Im( S21 )
500000000,-0.774032533,-0.396352857
