Frequency (Hz),Re( S11 ),Im( S11 )
250000000,0.00588601362,-0.00547445379
