Frequency (Hz),Re( S21 ),Im( S21 )
100000000,0.294453055,0.92935133
