Frequency (Hz),Re( S11 ),Im( S11 )
250000000,-0.000706040417,-0.00285575422
