Frequency (Hz),Re( S11 ),Im( S11 )
100000000,0.000756337889,-0.000643195817
