Frequency (Hz),Re( S11 ),Im( S11 )
500000000,0.000244653638,-0.00698684482
