Frequency (Hz),Re( S21 ),Im( S21 )
500000000,-0.37027669,0.857299805
