Frequency (Hz),Re( S21 ),Im( S21 )
250000000,0.595365405,-0.320215583
