Frequency (Hz),Re( S11 ),Im( S11 )
250000000,-0.000854092417,-0.00836734381
