Frequency (Hz),Re( S21 ),Im( S21 )
250000000,0.597810924,-0.336510062
