Frequency (Hz),Re( S11 ),Im( S11 )
250000000,0.00280025112,-0.00229806686
