Frequency (Hz),Re( S11 ),Im( S11 )
250000000,0.0112489546,-0.00113351934
