Frequency (Hz),Re( S21 ),Im( S21 )
250000000,0.482453734,0.495548308
