Frequency (Hz),Re( S21 ),Im( S21 )
250000000,-0.762167215,-0.419830948
