Frequency (Hz),Re( S11 ),Im( S11 )
250000000,0.0103973383,-0.00802873727
