Frequency (Hz),Re( S21 ),Im( S21 )
500000000,-0.363343626,0.662424088
