Frequency (Hz),Re( S11 ),Im( S11 )
500000000,-0.000996445422,-0.00849164743
