Frequency (Hz),Re( S11 ),Im( S11 )
500000000,0.00655923411,-0.00880465657
