Frequency (Hz),Re( S21 ),Im( S21 )
500000000,0.73514086,0.598018765
