Frequency (Hz),Re( S11 ),Im( S11 )
250000000,-0.000856644183,-0.00276985089
