Frequency (Hz),Re( S21 ),Im( S21 )
250000000,-0.478967041,0.515956044
