Frequency (Hz),Re( S11 ),Im( S11 )
100000000,0.00605197903,-7.83432479e-05
