Frequency (Hz),Re( S21 ),Im( S21 )
100000000,-0.120500356,0.88367784
