Frequency (Hz),Re( S21 ),Im( S21 )
250000000,-0.0127224652,0.659367561
