Frequency (Hz),Re( S11 ),Im( S11 )
250000000,0.00201313873,0.00767354434
