Frequency (Hz),Re( S21 ),Im( S21 )
250000000,0.145450786,0.609254837
