Frequency (Hz),Re( S11 ),Im( S11 )
250000000,0.00445583928,-0.00994155463
