Frequency (Hz),Re( S21 ),Im( S21 )
500000000,0.682295322,-0.6424793
