Frequency (Hz),Re( S11 ),Im( S11 )
250000000,0.00606959173,-0.00180931739
