Frequency (Hz),Re( S21 ),Im( S21 )
250000000,0.736777782,-0.125798091
