Frequency (Hz),Re( S21 ),Im( S21 )
500000000,-0.209410787,0.898677528
