Frequency (Hz),Re( S11 ),Im( S11 )
250000000,0.0148912696,-0.00946539827
