Frequency (Hz),Re( S21 ),Im( S21 )
250000000,-0.209341913,0.543967664
