Frequency (Hz),Re( S21 ),Im( S21 )
100000000,-0.298175573,-0.847167671
