Frequency (Hz),Re( S11 ),Im( S11 )
100000000,0.000148820574,-0.000507625809
