Frequency (Hz),Re( S11 ),Im( S11 )
250000000,-0.000914660632,-0.00852115173
