Frequency (Hz),Re( S21 ),Im( S21 )
250000000,0.847279608,-0.109109908
