Frequency (Hz),Re( S21 ),Im( S21 )
100000000,0.855450094,0.443677962
