Frequency (Hz),Re( S11 ),Im( S11 )
100000000,0.00249805744,-0.0023630315
