Frequency (Hz),Re( S21 ),Im( S21 )
250000000,0.624537408,-0.592239201
