Frequency (Hz),Re( S11 ),Im( S11 )
250000000,0.00205535674,-0.0128542203
