Frequency (Hz),Re( S11 ),Im( S11 )
250000000,-0.00800553523,-0.013917448
