Frequency (Hz),Re( S21 ),Im( S21 )
250000000,-0.100339293,0.70845753
