Frequency (Hz),Re( S11 ),Im( S11 )
250000000,0.00473959232,-0.000660454505
