Frequency (GHz),Re( S21 ),Im( S21 )
0.5,-0.105997495,0.10916239
