Frequency (GHz),Re( S11 ),Im( S11 )
0.5,-0.00811216608,-0.016935451
