Frequency (Hz),Re( S21 ),Im( S21 )
500000000,-0.833367169,0.472974449
