Frequency (Hz),Re( S11 ),Im( S11 )
250000000,-0.000640429847,-0.0258972403
