Frequency (Hz),Re( S21 ),Im( S21 )
250000000,0.51860863,0.200127169
