Frequency (Hz),Re( S11 ),Im( S11 )
100000000,0.00289554102,0.000162343189
