Frequency (Hz),Re( S21 ),Im( S21 )
100000000,-0.925940633,0.0158521272
